Антон,M,Антонович,Антоновна
Дмитрий,M,Дмитриевич,Дмитриевна
Александр,M,Александрович,Александровна
Максим,M,Максимович,Максимовна
Артем,M,Артемович,Артемовна
Алексей,M,Алексеевич,Алексеевна
Артур,M,Артурович,Артуровна
Владимир,M,Владимирович,Владимировна
Иван,M,Иванович,Ивановна
Андрей,M,Андреевич,Андреевна
Сергей,M,Сергеевич,Сергеевна
Павел,M,Павлович,Павловна
Роман,M,Романович,Романовна
Георгий,M,Георгиевич,Георгиевна
Илья,M,Ильич,Ильинична
Евгений,M,Евгеньевич,Евгеньевна
Ирина,F,,
Екатерина,F,,
Ольга,F,,
Елена,F,,
Анастасия,F,,
Светлана,F,,
Юлия,F,,
Наталья,F,,
Мария,F,,
Татьяна,F,,
Олеся,F,,
Евгения,F,,
Марина,F,,
Людмила,F,,