Антонович,Антоновна
Дмитриевич,Дмитриевна
Александрович,Александровна
Максимович,Максимовна
Артемович,Артемовна
Алексеевич,Алексеевна
Артурович,Артуровна
Владимирович,Владимировна
Иванович,Ивановна
Андреевич,Андреевна
Сергеевич,Сергеевна
Павлович,Павловна
Романович,Романовна
Георгиевич,Георгиевна
Ильич,Ильинична
Евгеньевич,Евгеньевна
Федорович, Федоровна
Николаевич, Николаевна
Данилович, Даниловна
Васильевич, Васильевна
Яковлевич, Яковлевна
Станиславович, Станиславовна
Антониевич, Антониевна
Валентинович, Валентиновна
Михайлович, Михайловна
Егорович, Егоровна
Тимофеевич, Тимофеевна
Константинович, Константиновна
Никитич, Никитична
Денисович, Денисовна
